Air Transport Movements year;Air Transport Movements month;Air Transport Movements europe;Air Transport Movements intercontinental;Air Transport Movements total;Passengers europe;Passengers intercontinental;Passengers total;Passengers o&d;Passengers transfer;Passengers total;Passengers scheduled;Passengers non scheduled;Passengers transit direct;Passengers total;Cargo (tonnes);Mail (tonnes)
1992;January;14.716;2.955;17.671;726.163;423.659;1.149.822;739.774;410.048;1.149.822;1.051.816;98.006;35.052;1.184.874;50.457;2.166
1992;February;14.030;2.779;16.809;719.055;367.924;1.086.979;728.823;358.156;1.086.979;997.218;89.761;30.491;1.117.470;56.180;2.154
1992;March;15.454;2.998;18.452;847.487;429.187;1.276.674;866.246;410.428;1.276.674;1.160.363;116.311;32.161;1.308.835;64.284;2.242
1992;April;16.649;3.011;19.660;1.056.108;466.414;1.522.522;1.065.468;457.054;1.522.522;1.307.113;215.409;32.640;1.555.162;56.924;2.252
1992;May;17.591;3.167;20.758;1.223.278;518.839;1.742.117;1.276.443;465.674;1.742.117;1.411.578;330.539;34.620;1.776.737;58.328;2.232
1992;June;17.472;3.137;20.609;1.201.846;535.429;1.737.275;1.219.877;517.398;1.737.275;1.398.283;338.992;37.386;1.774.661;53.453;2.166
1992;July;18.575;3.420;21.995;1.340.419;639.481;1.979.900;1.412.898;567.002;1.979.900;1.520.926;458.974;43.290;2.023.190;56.186;2.333
1992;August;18.314;3.511;21.825;1.398.556;662.480;2.061.036;1.483.508;577.528;2.061.036;1.518.283;542.753;44.748;2.105.784;51.319;2.055
1992;September;17.791;3.262;21.053;1.292.031;575.912;1.867.943;1.331.429;536.514;1.867.943;1.463.394;404.549;41.108;1.909.051;53.548;2.306
1992;October;17.753;3.285;21.038;1.158.699;549.053;1.707.752;1.192.786;514.966;1.707.752;1.412.656;295.096;36.049;1.743.801;60.723;2.558
1992;November;16.653;3.336;19.989;846.584;452.172;1.298.756;844.596;454.160;1.298.756;1.196.059;102.697;29.878;1.328.634;67.931;2.732
1992;December;15.568;3.385;18.953;817.995;463.819;1.281.814;803.326;478.488;1.281.814;1.180.317;101.497;35.051;1.316.865;65.707;3.604
1992;Total;200.566;38.246;238.812;12.628.221;6.084.369;18.712.590;12.965.174;5.747.416;18.712.590;15.618.006;3.094.584;432.474;19.145.064;695.040;28.799
1993;January;16.486;3.312;19.798;803.529;477.622;1.281.151;776.505;504.646;1.281.151;1.172.230;108.921;37.577;1.318.728;56.034;2.505
1993;February;14.685;2.943;17.628;771.519;393.457;1.164.976;736.274;428.702;1.164.976;1.066.455;98.521;27.577;1.192.553;60.097;2.413
1993;March;17.152;3.361;20.513;964.825;489.504;1.454.329;904.977;549.352;1.454.329;1.329.503;124.826;37.403;1.491.732;71.103;2.735
1993;April;18.017;3.411;21.428;1.118.817;526.471;1.645.288;1.022.580;622.708;1.645.288;1.459.459;185.829;42.149;1.687.437;65.193;2.627
1993;May;19.088;3.514;22.602;1.269.237;548.506;1.817.743;1.166.889;650.854;1.817.743;1.524.030;293.713;42.395;1.860.138;65.014;2.629
1993;June;18.747;3.532;22.279;1.292.998;602.787;1.895.785;1.172.007;723.778;1.895.785;1.591.041;304.744;46.045;1.941.830;59.788;2.548
1993;July;20.245;3.872;24.117;1.487.622;748.689;2.236.311;1.424.025;812.286;2.236.311;1.761.511;474.800;53.257;2.289.568;60.521;2.650
1993;August;20.209;3.892;24.101;1.526.835;769.116;2.295.951;1.485.493;810.458;2.295.951;1.771.478;524.473;51.182;2.347.133;56.287;2.427
1993;September;19.295;3.682;22.977;1.423.636;663.679;2.087.315;1.358.289;729.026;2.087.315;1.686.169;401.146;47.650;2.134.965;61.017;2.733
1993;October;19.150;3.829;22.979;1.343.259;637.632;1.980.891;1.286.421;694.470;1.980.891;1.664.633;316.258;42.748;2.023.639;71.215;3.074
1993;November;17.145;3.636;20.781;962.921;502.525;1.465.446;910.868;554.578;1.465.446;1.345.245;120.201;34.740;1.500.186;72.942;3.001
1993;December;16.653;3.819;20.472;919.326;525.700;1.445.026;850.248;594.778;1.445.026;1.344.184;100.842;41.334;1.486.360;76.168;4.247
1993;Total;216.872;42.803;259.675;13.884.524;6.885.688;20.770.212;13.094.576;7.675.636;20.770.212;17.715.938;3.054.274;504.057;21.274.269;775.378;33.589
1994;January;17.398;3.695;21.093;929.842;558.278;1.488.120;863.976;624.144;1.488.120;1.369.107;119.013;41.210;1.529.330;64.601;2.670
1994;February;15.958;3.247;19.205;885.022;453.311;1.338.333;814.931;523.402;1.338.333;1.220.768;117.565;27.131;1.365.464;68.354;2.577
1994;March;18.305;3.726;22.031;1.133.628;582.161;1.715.789;1.027.187;688.602;1.715.789;1.569.485;146.304;39.092;1.754.881;76.897;2.994
1994;April;18.702;3.702;22.404;1.227.239;578.851;1.806.090;1.120.310;685.780;1.806.090;1.615.375;190.715;35.079;1.841.169;67.043;2.697
1994;May;20.356;3.785;24.141;1.456.056;627.260;2.083.316;1.374.826;708.490;2.083.316;1.731.411;351.905;40.767;2.124.083;65.909;2.696
1994;June;19.789;3.753;23.542;1.417.042;675.236;2.092.278;1.333.856;758.422;2.092.278;1.745.450;346.828;45.151;2.137.429;63.818;2.784
1994;July;20.813;4.107;24.920;1.601.073;829.727;2.430.800;1.578.960;851.840;2.430.800;1.928.084;502.716;50.089;2.480.889;63.457;2.820
1994;August;20.970;4.120;25.090;1.598.506;826.388;2.424.894;1.564.020;860.874;2.424.894;1.916.658;508.236;51.830;2.476.724;61.142;2.628
1994;September;20.056;3.911;23.967;1.563.969;735.047;2.299.016;1.459.138;839.878;2.299.016;1.903.267;395.749;46.148;2.345.164;65.995;3.058
1994;October;19.912;4.031;23.943;1.439.472;691.216;2.130.688;1.346.980;783.708;2.130.688;1.824.980;305.708;40.741;2.171.429;77.825;3.288
1994;November;18.235;3.835;22.070;1.081.320;570.901;1.652.221;996.145;656.076;1.652.221;1.547.807;104.414;32.235;1.684.456;80.734;3.536
1994;December;17.669;3.989;21.658;1.024.775;583.387;1.608.162;930.264;677.898;1.608.162;1.510.780;97.382;40.618;1.648.780;82.129;4.826
1994;Total;228.163;45.901;274.064;15.357.944;7.711.763;23.069.707;14.410.593;8.659.114;23.069.707;19.883.172;3.186.535;490.091;23.559.798;837.904;36.574
1995;January;18.563;3.953;22.516;1.024.360;622.714;1.647.074;924.394;722.680;1.647.074;1.534.837;112.237;41.977;1.689.051;70.467;3.316
1995;February;17.256;3.589;20.845;964.298;515.393;1.479.691;866.061;613.630;1.479.691;1.373.719;105.972;29.746;1.509.437;76.022;3.092
1995;March;19.515;4.146;23.661;1.233.207;651.771;1.884.978;1.119.920;765.058;1.884.978;1.739.048;145.930;41.121;1.926.099;90.944;3.459
1995;April;19.289;4.218;23.507;1.336.344;671.554;2.007.898;1.230.136;777.762;2.007.898;1.763.673;244.225;42.828;2.050.726;81.964;3.256
1995;May;21.101;4.286;25.387;1.509.693;699.261;2.208.954;1.433.332;775.622;2.208.954;1.834.491;374.463;42.174;2.251.128;76.681;3.198
1995;June;20.229;4.183;24.412;1.489.265;727.899;2.217.164;1.389.220;827.944;2.217.164;1.859.689;357.475;46.597;2.263.761;77.636;3.212
1995;July;21.609;4.577;26.186;1.649.977;884.314;2.534.291;1.616.139;918.152;2.534.291;2.019.344;514.947;47.877;2.582.168;78.335;3.123
1995;August;21.887;4.555;26.442;1.656.967;903.345;2.560.312;1.622.834;937.478;2.560.312;2.038.463;521.849;46.698;2.607.010;72.015;3.099
1995;September;20.628;4.385;25.013;1.608.667;820.402;2.429.069;1.525.365;903.704;2.429.069;2.015.084;413.985;40.449;2.469.518;80.066;3.431
1995;October;20.900;4.473;25.373;1.519.766;795.311;2.315.077;1.441.673;873.404;2.315.077;1.989.471;325.606;40.136;2.355.213;86.310;3.695
1995;November;19.477;4.393;23.870;1.157.281;642.327;1.799.608;1.059.606;740.002;1.799.608;1.675.581;124.027;35.864;1.835.472;94.222;3.837
1995;December;18.821;4.657;23.478;1.098.683;673.907;1.772.590;1.003.016;769.574;1.772.590;1.636.770;135.820;42.828;1.815.418;92.869;5.066
1995;Total;239.275;51.415;290.690;16.248.508;8.608.198;24.856.706;15.231.696;9.625.010;24.856.706;21.480.170;3.376.536;498.295;25.355.001;977.531;41.784
1996;January;19.580;4.464;24.044;1.061.606;683.193;1.744.799;966.163;778.636;1.744.799;1.617.341;127.458;44.174;1.788.973;82.567;3.524
1996;February;18.413;4.128;22.541;1.052.087;607.006;1.659.093;967.279;691.814;1.659.093;1.531.041;128.052;33.041;1.692.134;86.755;3.471
1996;March;20.405;4.598;25.003;1.332.208;767.613;2.099.821;1.223.519;876.302;2.099.821;1.923.147;176.674;41.663;2.141.484;100.685;3.705
1996;April;21.421;4.584;26.005;1.398.251;737.485;2.135.736;1.290.214;845.522;2.135.736;1.904.514;231.222;39.948;2.175.684;88.326;3.269
1996;May;23.440;4.674;28.114;1.640.433;787.461;2.427.894;1.542.508;885.386;2.427.894;2.048.200;379.694;44.675;2.472.569;86.585;3.274
1996;June;22.742;4.583;27.325;1.644.575;824.307;2.468.882;1.499.296;969.586;2.468.882;2.093.994;374.888;46.167;2.515.049;85.110;3.047
1996;July;24.493;5.001;29.494;1.737.992;965.225;2.703.217;1.687.893;1.015.324;2.703.217;2.194.780;508.437;49.301;2.752.518;80.494;3.105
1996;August;24.424;5.075;29.499;1.783.229;983.612;2.766.841;1.720.713;1.046.128;2.766.841;2.241.672;525.169;54.290;2.821.131;83.893;2.832
1996;September;23.685;4.666;28.351;1.769.166;886.070;2.655.236;1.614.758;1.040.478;2.655.236;2.243.760;411.476;44.970;2.700.206;87.162;3.067
1996;October;24.061;4.832;28.893;1.684.184;866.189;2.550.373;1.537.767;1.012.606;2.550.373;2.207.615;342.758;43.439;2.593.812;99.200;3.595
1996;November;21.977;4.567;26.544;1.317.979;734.118;2.052.097;1.170.553;881.544;2.052.097;1.918.344;133.753;43.701;2.095.798;102.553;3.803
1996;December;21.163;4.804;25.967;1.249.617;748.438;1.998.055;1.091.553;906.502;1.998.055;1.864.906;133.149;47.468;2.045.523;99.516;5.114
1996;Total;265.804;55.976;321.780;17.671.327;9.590.717;27.262.044;16.312.216;10.949.828;27.262.044;23.789.314;3.472.730;532.837;27.794.881;1.082.846;41.806
1997;January;21.731;4.583;26.314;1.179.801;740.947;1.920.748;1.024.382;896.366;1.920.748;1.794.002;126.746;49.072;1.969.820;86.438;3.515
1997;February;20.280;4.160;24.440;1.202.059;674.635;1.876.694;1.046.374;830.320;1.876.694;1.741.938;134.756;40.810;1.917.504;86.919;3.467
1997;March;22.926;4.837;27.763;1.524.865;856.065;2.380.930;1.310.016;1.070.914;2.380.930;2.186.170;194.760;49.041;2.429.971;107.126;3.796
1997;April;24.020;4.732;28.752;1.643.033;824.369;2.467.402;1.406.920;1.060.482;2.467.402;2.229.454;237.948;47.628;2.515.030;95.376;3.690
1997;May;25.351;5.079;30.430;1.888.753;882.018;2.770.771;1.682.193;1.088.578;2.770.771;2.381.209;389.562;51.719;2.822.490;97.324;3.702
1997;June;24.599;4.951;29.550;1.865.517;915.823;2.781.340;1.621.756;1.159.584;2.781.340;2.399.147;382.193;47.977;2.829.317;93.295;3.549
1997;July;26.085;5.460;31.545;2.070.966;1.072.960;3.143.926;1.896.088;1.247.838;3.143.926;2.568.649;575.277;55.904;3.199.830;93.158;3.743
1997;August;25.918;5.447;31.365;2.082.453;1.089.782;3.172.235;1.922.481;1.249.754;3.172.235;2.580.945;591.290;53.430;3.225.665;90.739;3.289
1997;September;25.200;5.048;30.248;1.974.844;977.696;2.952.540;1.739.602;1.212.938;2.952.540;2.519.848;432.692;43.309;2.995.849;95.101;3.610
1997;October;25.865;5.181;31.046;1.950.625;970.252;2.920.877;1.719.185;1.201.692;2.920.877;2.556.495;364.382;38.344;2.959.221;103.903;4.036
1997;November;24.086;4.892;28.978;1.566.997;817.555;2.384.552;1.348.974;1.035.578;2.384.552;2.239.337;145.215;34.872;2.419.424;107.406;4.149
1997;December;24.003;5.042;29.045;1.439.120;809.867;2.248.987;1.211.469;1.037.518;2.248.987;2.107.689;141.298;36.869;2.285.856;104.449;5.503
1997;Total;290.064;59.412;349.476;20.389.033;10.631.969;31.021.002;17.929.440;13.091.562;31.021.002;27.304.883;3.716.119;548.975;31.569.977;1.161.234;46.048
1998;January;24.979;4.954;29.933;1.390.078;818.538;2.208.616;1.163.836;1.044.780;2.208.616;2.063.651;144.965;40.338;2.248.954;90.464;3.630
1998;February;23.377;4.537;27.914;1.434.974;743.782;2.178.756;1.214.596;964.160;2.178.756;2.031.004;147.752;33.804;2.212.560;97.513;3.448
1998;March;25.893;5.046;30.939;1.736.209;896.661;2.632.870;1.482.660;1.150.210;2.632.870;2.450.009;182.861;39.772;2.672.642;109.662;3.952
1998;April;25.624;5.026;30.650;1.813.423;893.482;2.706.905;1.542.039;1.164.866;2.706.905;2.451.395;255.510;34.613;2.741.518;95.536;3.901
1998;May;27.380;5.370;32.750;2.084.767;944.978;3.029.745;1.850.159;1.179.586;3.029.745;2.609.459;420.286;39.902;3.069.647;98.220;3.980
1998;June;26.663;5.241;31.904;2.020.094;995.308;3.015.402;1.720.938;1.294.464;3.015.402;2.635.873;379.529;44.274;3.059.676;96.084;3.781
1998;July;28.832;5.680;34.512;2.269.803;1.121.611;3.391.414;2.013.192;1.378.222;3.391.414;2.798.781;592.633;45.578;3.436.992;92.940;3.820
1998;August;28.279;5.685;33.964;2.346.609;1.161.196;3.507.805;2.115.755;1.392.050;3.507.805;2.844.351;663.454;47.369;3.555.174;90.747;3.579
1998;September;27.087;5.077;32.164;2.191.622;986.230;3.177.852;1.929.000;1.248.852;3.177.852;2.680.986;496.866;41.970;3.219.822;91.291;3.818
1998;October;27.298;5.386;32.684;2.112.332;1.030.629;3.142.961;1.857.321;1.285.640;3.142.961;2.737.334;405.627;36.074;3.179.035;101.184;4.076
1998;November;24.955;5.066;30.021;1.672.816;872.999;2.545.815;1.428.711;1.117.104;2.545.815;2.385.945;159.870;29.729;2.575.544;106.880;4.019
1998;December;24.182;5.193;29.375;1.553.547;860.460;2.414.007;1.290.561;1.123.446;2.414.007;2.267.233;146.774;34.572;2.448.579;100.734;5.486
1998;Total;314.549;62.261;376.810;22.626.274;11.325.874;33.952.148;19.608.768;14.343.380;33.952.148;29.956.021;3.996.127;467.995;34.420.143;1.171.256;47.490
1999;January;24.587;5.053;29.640;1.501.799;870.779;2.372.578;1.247.660;1.124.918;2.372.578;2.216.865;155.713;31.514;2.404.092;88.159;3.664
1999;February;22.902;4.624;27.526;1.539.563;793.101;2.332.664;1.312.806;1.019.858;2.332.664;2.164.590;168.074;24.540;2.357.204;94.718;3.515
1999;March;26.251;5.222;31.473;1.845.462;979.866;2.825.328;1.517.946;1.307.382;2.825.328;2.632.698;192.630;30.681;2.856.009;108.781;3.711
1999;April;26.805;5.208;32.013;1.939.118;962.360;2.901.478;1.648.564;1.252.914;2.901.478;2.641.841;259.637;24.379;2.925.857;97.708;3.453
1999;May;28.734;5.399;34.133;2.248.760;1.015.195;3.263.955;1.994.033;1.269.922;3.263.955;2.768.692;495.263;24.185;3.288.140;97.092;3.487
1999;June;28.146;5.280;33.426;2.193.159;1.033.579;3.226.738;1.842.788;1.383.950;3.226.738;2.793.476;433.262;29.120;3.255.858;92.819;3.506
1999;July;29.786;5.743;35.529;2.438.123;1.172.663;3.610.786;2.161.974;1.448.812;3.610.786;2.961.846;648.940;33.353;3.644.139;96.040;3.339
1999;August;29.871;5.754;35.625;2.481.800;1.227.474;3.709.274;2.246.142;1.463.132;3.709.274;3.005.101;704.173;32.726;3.742.000;90.496;3.083
1999;September;28.963;5.448;34.411;2.355.974;1.111.211;3.467.185;2.048.219;1.418.966;3.467.185;2.953.884;513.301;30.620;3.497.805;95.374;3.359
1999;October;29.497;5.629;35.126;2.318.643;1.131.003;3.449.646;2.032.532;1.417.114;3.449.646;3.002.059;447.587;29.754;3.479.400;107.464;3.729
1999;November;27.925;5.258;33.183;1.830.233;972.718;2.802.951;1.591.347;1.211.604;2.802.951;2.624.220;178.731;29.033;2.831.984;106.774;4.122
1999;December;26.217;5.304;31.521;1.589.900;872.630;2.462.530;1.306.654;1.155.876;2.462.530;2.334.104;128.426;26.997;2.489.527;105.294;5.599
1999;Total;329.684;63.922;393.606;24.282.534;12.142.579;36.425.113;20.950.665;15.474.448;36.425.113;32.099.376;4.325.737;346.902;36.772.015;1.180.717;44.567
2000;January;27.382;5.155;32.537;1.587.912;902.733;2.490.645;1.312.179;1.178.466;2.490.645;2.342.422;148.223;26.743;2.517.388;92.023;3.631
2000;February;26.894;5.000;31.894;1.681.091;880.429;2.561.520;1.394.330;1.167.190;2.561.520;2.401.308;160.212;22.455;2.583.975;99.681;3.590
2000;March;28.830;5.433;34.263;2.026.768;1.040.786;3.067.554;1.713.062;1.354.492;3.067.554;2.846.381;221.173;25.664;3.093.218;109.485;3.863
2000;April;28.437;5.379;33.816;2.158.458;1.068.493;3.226.951;1.836.939;1.390.012;3.226.951;2.912.581;314.370;25.412;3.252.363;100.535;3.210
2000;May;30.984;5.555;36.539;2.459.993;1.086.500;3.546.493;2.157.489;1.389.004;3.546.493;3.043.551;502.942;26.675;3.573.168;98.759;3.545
2000;June;29.804;5.402;35.206;2.386.632;1.106.155;3.492.787;2.047.173;1.445.614;3.492.787;2.986.607;506.180;30.442;3.523.229;96.432;3.385
2000;July;31.298;5.810;37.108;2.693.760;1.258.503;3.952.263;2.405.757;1.546.506;3.952.263;3.218.392;733.871;34.880;3.987.143;98.766;3.365
2000;August;31.416;5.842;37.258;2.669.847;1.262.225;3.932.072;2.392.146;1.539.926;3.932.072;3.185.178;746.894;33.987;3.966.059;94.547;3.346
2000;September;29.837;5.659;35.496;2.551.193;1.169.091;3.720.284;2.229.494;1.490.790;3.720.284;3.139.843;580.441;32.372;3.752.656;103.074;3.477
2000;October;30.393;5.777;36.170;2.495.815;1.155.740;3.651.555;2.169.145;1.482.410;3.651.555;3.146.902;504.653;27.314;3.678.869;110.050;3.704
2000;November;27.423;5.479;32.902;1.911.192;1.003.780;2.914.972;1.625.126;1.289.846;2.914.972;2.728.356;186.616;24.098;2.939.070;107.780;4.322
2000;December;26.022;5.717;31.739;1.738.115;975.399;2.713.514;1.440.420;1.273.094;2.713.514;2.544.915;168.599;26.273;2.739.787;111.462;5.352
2000;Total;348.720;66.208;414.928;26.360.776;12.909.834;39.270.610;22.723.260;16.547.350;39.270.610;34.496.436;4.774.174;336.315;39.606.925;1.222.594;44.792
2001;January;27.246;5.589;32.835;1.713.837;990.160;2.703.997;1.433.939;1.270.058;2.703.997;2.544.652;159.345;26.728;2.730.725;95.384;3.884
2001;February;25.293;5.143;30.436;1.705.010;886.363;2.591.373;1.434.729;1.156.644;2.591.373;2.419.112;172.261;21.222;2.612.595;99.928;3.633
2001;March;28.633;5.896;34.529;2.086.875;1.076.873;3.163.748;1.795.120;1.368.628;3.163.748;2.922.917;240.831;23.586;3.187.334;111.857;4.449
2001;April;28.395;5.762;34.157;2.258.561;1.096.576;3.355.137;1.911.603;1.443.534;3.355.137;3.053.737;301.400;24.603;3.379.740;97.008;4.047
2001;May;31.413;5.842;37.255;2.533.221;1.080.481;3.613.702;2.257.834;1.355.868;3.613.702;3.085.124;528.578;18.896;3.632.598;94.515;4.080
2001;June;30.469;5.740;36.209;2.534.319;1.152.454;3.686.773;2.203.865;1.482.908;3.686.773;3.171.840;514.933;21.738;3.708.511;93.457;3.983
2001;July;32.245;6.141;38.386;2.825.008;1.273.708;4.098.716;2.516.466;1.582.250;4.098.716;3.359.039;739.677;25.508;4.124.224;89.024;3.829
2001;August;32.270;6.181;38.451;2.770.683;1.292.834;4.063.517;2.493.549;1.569.968;4.063.517;3.322.501;741.016;20.700;4.084.217;88.530;3.530
2001;September;30.917;5.515;36.432;2.511.772;1.039.717;3.551.489;2.220.769;1.330.720;3.551.489;2.968.338;583.151;12.315;3.563.804;95.066;3.372
2001;October;30.977;5.509;36.486;2.307.169;919.494;3.226.663;2.029.245;1.197.418;3.226.663;2.761.668;464.995;8.669;3.235.332;105.253;4.812
2001;November;25.966;5.093;31.059;1.838.928;817.914;2.656.842;1.573.766;1.083.076;2.656.842;2.514.356;142.486;7.760;2.664.602;106.775;5.213
2001;December;24.873;5.354;30.227;1.716.150;881.334;2.597.484;1.414.072;1.183.412;2.597.484;2.473.787;123.697;9.957;2.607.441;106.412;6.121
2001;Total;348.697;67.765;416.462;26.801.533;12.507.908;39.309.441;23.284.957;16.024.484;39.309.441;34.597.071;4.712.370;221.682;39.531.123;1.183.208;50.953
2002;January;25.598;5.237;30.835;1.663.797;908.602;2.572.399;1.387.825;1.184.574;2.572.399;2.451.472;120.927;11.407;2.583.806;91.162;4.534
2002;February;23.645;4.808;28.453;1.759.993;836.638;2.596.631;1.476.977;1.119.654;2.596.631;2.443.808;152.823;7.853;2.604.484;95.839;3.916
2002;March;26.863;5.502;32.365;2.135.344;1.029.881;3.165.225;1.735.421;1.429.804;3.165.225;2.967.252;197.973;9.703;3.174.928;115.482;4.864
2002;April;27.610;5.497;33.107;2.324.495;978.650;3.303.145;1.926.379;1.376.766;3.303.145;3.010.954;292.191;10.215;3.313.360;101.120;3.751
2002;May;29.834;5.765;35.599;2.674.188;1.024.059;3.698.247;2.308.629;1.389.618;3.698.247;3.171.060;527.187;13.028;3.711.275;100.253;3.832
2002;June;28.738;5.781;34.519;2.574.187;1.094.444;3.668.631;2.124.337;1.544.294;3.668.631;3.187.302;481.329;14.547;3.683.178;103.424;3.550
2002;July;30.817;6.156;36.973;2.913.451;1.216.982;4.130.433;2.483.603;1.646.830;4.130.433;3.435.381;695.052;18.741;4.149.174;98.256;3.565
2002;August;30.630;6.210;36.840;2.879.304;1.252.096;4.131.400;2.446.610;1.684.790;4.131.400;3.425.619;705.781;18.175;4.149.575;96.716;3.413
2002;September;29.162;5.949;35.111;2.729.808;1.134.550;3.864.358;2.274.288;1.590.070;3.864.358;3.325.151;539.207;12.270;3.876.628;101.489;3.527
2002;October;29.570;6.093;35.663;2.614.623;1.106.487;3.721.110;2.250.624;1.470.486;3.721.110;3.239.876;481.234;10.190;3.731.300;109.809;3.905
2002;November;25.801;5.869;31.670;1.941.620;950.912;2.892.532;1.634.294;1.258.238;2.892.532;2.739.664;152.868;10.205;2.902.737;118.098;4.446
2002;December;24.302;5.948;30.250;1.843.813;999.638;2.843.451;1.531.749;1.311.702;2.843.451;2.704.938;138.513;12.113;2.855.564;108.250;5.422
2002;Total;332.570;68.815;401.385;28.054.623;12.532.939;40.587.562;23.580.736;17.006.826;40.587.562;36.102.477;4.485.085;148.447;40.736.009;1.239.900;48.726
2003;January;24.762;5.787;30.549;1.761.927;985.575;2.747.502;1.462.712;1.284.790;2.747.502;2.616.572;130.930;15.526;2.763.028;96.585;3.767
2003;February;23.490;5.290;28.780;1.800.961;867.814;2.668.775;1.488.353;1.180.422;2.668.775;2.523.641;145.134;12.864;2.681.639;102.236;3.844
2003;March;26.706;5.856;32.562;2.080.568;938.034;3.018.602;1.728.126;1.290.476;3.018.602;2.838.121;180.481;14.097;3.032.699;120.845;4.065
2003;April;26.274;5.286;31.560;2.167.729;845.663;3.013.392;1.796.908;1.216.484;3.013.392;2.763.865;249.527;11.705;3.025.097;104.582;4.290
2003;May;28.332;5.564;33.896;2.503.023;890.634;3.393.657;2.150.997;1.242.660;3.393.657;2.944.382;449.275;13.992;3.407.649;104.029;4.060
2003;June;27.756;5.755;33.511;2.558.468;985.765;3.544.233;2.142.927;1.401.306;3.544.233;3.112.988;431.245;14.321;3.558.554;102.249;3.607
2003;July;29.680;6.356;36.036;2.901.099;1.174.733;4.075.832;2.540.672;1.535.160;4.075.832;3.358.759;717.073;13.283;4.089.115;103.776;3.498
2003;August;29.203;6.520;35.723;2.811.953;1.220.970;4.032.923;2.428.847;1.604.076;4.032.923;3.387.058;645.865;14.229;4.047.152;105.261;3.459
2003;September;28.417;6.091;34.508;2.640.059;1.094.450;3.734.509;2.210.159;1.524.350;3.734.509;3.277.043;457.466;12.028;3.746.537;108.069;3.506
2003;October;28.803;6.305;35.108;2.644.749;1.116.536;3.761.285;2.266.293;1.494.992;3.761.285;3.292.040;469.245;9.306;3.770.591;119.003;3.829
2003;November;25.034;6.020;31.054;1.989.252;980.838;2.970.090;1.691.228;1.278.862;2.970.090;2.794.841;175.249;9.071;2.979.161;122.583;4.210
2003;December;23.491;6.219;29.710;1.842.115;1.005.734;2.847.849;1.559.473;1.288.376;2.847.849;2.680.464;167.385;11.329;2.859.178;116.939;5.470
2003;Total;321.948;71.049;392.997;27.701.903;12.106.746;39.808.649;23.466.695;16.341.954;39.808.649;35.589.774;4.218.875;151.751;39.960.400;1.306.155;47.605
2004;January;23.716;6.046;29.762;1.718.631;1.023.049;2.741.680;1.476.894;1.264.786;2.741.680;2.566.884;174.796;11.064;2.752.744;100.298;3.722
2004;February;23.527;5.834;29.361;1.878.147;952.492;2.830.639;1.576.253;1.254.386;2.830.639;2.642.151;188.488;9.844;2.840.483;113.908;3.632
2004;March;26.395;6.331;32.726;2.181.747;1.075.926;3.257.673;1.789.223;1.468.450;3.257.673;3.048.548;209.125;12.287;3.269.960;126.798;3.796
2004;April;26.435;6.243;32.678;2.393.155;1.086.930;3.480.085;1.980.157;1.499.928;3.480.085;3.207.161;272.924;9.828;3.489.913;115.584;3.428
2004;May;29.287;6.410;35.697;2.742.827;1.100.444;3.843.271;2.383.711;1.459.560;3.843.271;3.319.424;523.847;12.879;3.856.150;115.226;3.463
2004;June;28.619;6.246;34.865;2.673.494;1.123.467;3.796.961;2.173.539;1.623.422;3.796.961;3.369.770;427.191;13.803;3.810.764;110.488;3.496
2004;July;30.108;6.804;36.912;3.052.318;1.285.449;4.337.767;2.597.127;1.740.640;4.337.767;3.655.382;682.385;7.293;4.345.060;114.084;3.856
2004;August;29.948;6.748;36.696;2.949.125;1.294.505;4.243.630;2.522.204;1.721.426;4.243.630;3.589.895;653.735;10.006;4.253.636;109.672;3.479
2004;September;28.907;6.423;35.330;2.743.973;1.183.229;3.927.202;2.309.990;1.617.212;3.927.202;3.472.298;454.904;8.545;3.935.747;116.297;3.830
2004;October;29.730;6.751;36.481;2.729.487;1.185.809;3.915.296;2.366.446;1.548.850;3.915.296;3.421.491;493.805;7.711;3.923.007;131.131;4.000
2004;November;25.147;6.499;31.646;2.025.148;1.062.248;3.087.396;1.728.316;1.359.080;3.087.396;2.920.272;167.124;5.315;3.092.711;134.839;3.893
2004;December;23.884;6.700;30.584;1.871.610;1.092.182;2.963.792;1.553.344;1.410.448;2.963.792;2.821.312;142.480;7.213;2.971.005;132.699;5.586
2004;Total;325.703;77.035;402.738;28.959.662;13.465.730;42.425.392;24.457.204;17.968.188;42.425.392;38.034.588;4.390.804;115.788;42.541.180;1.421.023;46.181
2005;January;23.737;6.635;30.372;1.826.971;1.128.821;2.955.792;1.586.138;1.369.654;2.955.792;2.775.883;179.909;6.711;2.962.503;114.306;3.834
2005;February;22.506;6.093;28.599;1.829.746;1.000.179;2.829.925;1.549.941;1.279.984;2.829.925;2.658.535;171.390;5.756;2.835.681;112.970;3.647
2005;March;25.160;6.677;31.837;2.137.360;1.143.835;3.281.195;1.773.875;1.507.320;3.281.195;3.096.898;184.297;4.934;3.286.129;125.370;3.903
2005;April;27.049;6.704;33.753;2.388.567;1.159.444;3.548.011;2.005.261;1.542.750;3.548.011;3.315.344;232.667;4.209;3.552.220;121.326;3.714
2005;May;29.928;6.757;36.685;2.867.061;1.192.489;4.059.550;2.534.928;1.524.622;4.059.550;3.550.101;509.449;5.701;4.065.251;113.852;3.763
2005;June;28.624;6.628;35.252;2.724.647;1.216.505;3.941.152;2.275.368;1.665.784;3.941.152;3.547.727;393.425;8.900;3.950.052;114.623;3.328
2005;July;30.095;7.172;37.267;3.134.037;1.394.557;4.528.594;2.734.936;1.793.658;4.528.594;3.857.958;670.636;6.195;4.534.789;118.451;3.288
2005;August;30.169;7.135;37.304;3.050.034;1.383.117;4.433.151;2.641.765;1.791.386;4.433.151;3.798.173;634.978;7.659;4.440.810;113.511;3.284
2005;September;28.991;6.740;35.731;2.875.493;1.270.244;4.145.737;2.450.653;1.695.084;4.145.737;3.701.365;444.372;7.156;4.152.893;117.368;3.631
2005;October;29.482;6.864;36.346;2.848.124;1.228.918;4.077.042;2.459.024;1.618.018;4.077.042;3.608.727;468.315;5.456;4.082.498;130.265;3.982
2005;November;25.001;6.500;31.501;2.097.811;1.100.708;3.198.519;1.798.223;1.400.296;3.198.519;3.067.004;131.515;4.552;3.203.071;133.142;4.123
2005;December;23.565;6.607;30.172;1.966.302;1.112.244;3.078.546;1.602.814;1.475.732;3.078.546;2.956.041;122.505;12.562;3.091.108;134.612;5.565
2005;Total;324.307;80.512;404.819;29.746.153;14.331.061;44.077.214;25.412.926;18.664.288;44.077.214;39.933.756;4.143.458;79.791;44.157.005;1.449.795;46.064
2006;January;23.847;6.460;30.307;1.887.308;1.140.894;3.028.202;1.611.472;1.416.730;3.028.202;2.887.957;140.245;16.371;3.044.573;114.184;3.478
2006;February;22.598;5.818;28.416;1.864.307;994.335;2.858.642;1.576.244;1.282.398;2.858.642;2.712.262;146.380;9.206;2.867.848;113.677;3.326
2006;March;26.315;6.748;33.063;2.226.387;1.172.567;3.398.954;1.897.482;1.501.472;3.398.954;3.257.168;141.786;7.434;3.406.388;137.746;3.465
2006;April;28.008;6.718;34.726;2.588.520;1.220.363;3.808.883;2.178.657;1.630.226;3.808.883;3.601.401;207.482;4.995;3.813.878;127.598;3.222
2006;May;31.231;6.932;38.163;2.962.074;1.213.887;4.175.961;2.624.201;1.551.760;4.175.961;3.758.888;417.073;5.772;4.181.733;121.475;3.115
2006;June;30.662;6.875;37.537;2.965.805;1.261.778;4.227.583;2.502.949;1.724.634;4.227.583;3.820.699;406.884;4.582;4.232.165;124.221;2.892
2006;July;31.960;7.348;39.308;3.331.594;1.413.022;4.744.616;2.890.266;1.854.350;4.744.616;4.121.519;623.097;6.269;4.750.885;123.741;3.015
2006;August;31.750;7.313;39.063;3.198.799;1.409.587;4.608.386;2.788.600;1.819.786;4.608.386;3.990.912;617.474;5.668;4.614.054;119.822;3.045
2006;September;30.611;6.923;37.534;3.001.883;1.293.166;4.295.049;2.557.559;1.737.490;4.295.049;3.868.097;426.952;5.232;4.300.281;130.823;3.077
2006;October;31.388;7.025;38.413;2.921.248;1.279.896;4.201.144;2.525.204;1.675.940;4.201.144;3.829.226;371.918;3.640;4.204.784;139.516;3.552
2006;November;27.927;6.419;34.346;2.229.055;1.124.221;3.353.276;1.918.754;1.434.522;3.353.276;3.225.303;127.973;4.557;3.357.833;136.809;3.669
2006;December;25.804;6.595;32.399;2.109.827;1.177.024;3.286.851;1.790.151;1.496.700;3.286.851;3.204.890;81.961;5.192;3.292.043;136.890;4.465
2006;Total;342.101;81.174;423.275;31.286.807;14.700.740;45.987.547;26.861.539;19.126.008;45.987.547;42.278.322;3.709.225;78.918;46.066.465;1.526.502;40.321
2007;January;26.264;6.421;32.685;1.993.371;1.176.518;3.169.889;1.734.561;1.435.328;3.169.889;3.117.743;52.146;5.199;3.175.088;115.764;3.211
2007;February;24.980;5.932;30.912;2.014.433;1.037.287;3.051.720;1.711.186;1.340.534;3.051.720;2.970.337;81.383;4.390;3.056.110;118.630;3.011
2007;March;28.670;6.787;35.457;2.465.479;1.229.947;3.695.426;2.051.798;1.643.628;3.695.426;3.572.383;123.043;5.297;3.700.723;139.895;3.409
2007;April;29.470;6.623;36.093;2.685.778;1.219.723;3.905.501;2.257.877;1.647.624;3.905.501;3.718.785;186.716;3.626;3.909.127;128.957;3.121
2007;May;32.599;6.924;39.523;3.050.454;1.246.004;4.296.458;2.689.924;1.606.534;4.296.458;3.905.801;390.657;4.006;4.300.464;126.509;3.295
2007;June;31.088;6.971;38.059;2.960.451;1.285.796;4.246.247;2.499.853;1.746.394;4.246.247;3.917.302;328.945;3.794;4.250.041;135.483;3.281
2007;July;32.957;7.502;40.459;3.459.876;1.462.127;4.922.003;3.034.641;1.887.362;4.922.003;4.352.572;569.431;3.908;4.925.911;133.444;3.107
2007;August;32.566;7.571;40.137;3.350.716;1.470.730;4.821.446;2.937.442;1.884.004;4.821.446;4.270.217;551.229;3.472;4.824.918;130.053;3.199
2007;September;30.648;7.186;37.834;3.086.664;1.338.400;4.425.064;2.627.816;1.797.248;4.425.064;4.048.113;376.951;3.267;4.428.331;139.510;3.318
2007;October;31.343;7.330;38.673;3.027.094;1.352.005;4.379.099;2.633.823;1.745.276;4.379.099;4.034.970;344.129;3.338;4.382.437;147.181;3.650
2007;November;27.038;6.885;33.923;2.288.084;1.184.805;3.472.889;1.984.495;1.488.394;3.472.889;3.354.248;118.641;5.388;3.478.277;150.699;3.806
2007;December;25.310;7.025;32.335;2.134.644;1.224.516;3.359.160;1.850.926;1.508.234;3.359.160;3.244.934;114.226;4.561;3.363.721;144.158;4.695
2007;Total;352.933;83.157;436.090;32.517.044;15.227.858;47.744.902;28.014.342;19.730.560;47.744.902;44.507.405;3.237.497;50.246;47.795.148;1.610.282;41.103
2008;January;25.796;6.775;32.571;2.002.811;1.198.133;3.200.944;1.749.312;1.451.632;3.200.944;3.102.058;98.886;3.687;3.204.631;124.926;3.064
2008;February;24.793;6.457;31.250;2.070.274;1.082.896;3.153.170;1.772.996;1.380.174;3.153.170;3.042.734;110.436;3.888;3.157.058;129.983;2.916
2008;March;27.144;7.098;34.242;2.458.467;1.283.031;3.741.498;2.074.978;1.666.520;3.741.498;3.598.078;143.420;5.132;3.746.630;147.001;3.029
2008;April;29.146;7.107;36.253;2.647.271;1.271.448;3.918.719;2.311.751;1.606.968;3.918.719;3.705.415;213.304;2.371;3.921.090;138.095;2.982
2008;May;31.760;7.425;39.185;3.063.829;1.339.620;4.403.449;2.732.335;1.671.114;4.403.449;3.947.675;455.774;2.596;4.406.045;131.989;2.764
2008;June;30.933;7.290;38.223;3.029.148;1.371.197;4.400.345;2.563.785;1.836.560;4.400.345;3.970.509;429.836;2.149;4.402.494;131.934;2.636
2008;July;32.019;7.777;39.796;3.329.034;1.518.679;4.847.713;2.882.621;1.965.092;4.847.713;4.225.095;622.618;2.110;4.849.823;129.296;2.680
2008;August;31.352;7.766;39.118;3.197.996;1.518.140;4.716.136;2.739.636;1.976.500;4.716.136;4.124.852;591.284;1.732;4.717.868;127.823;2.541
2008;September;30.216;7.267;37.483;2.957.380;1.340.060;4.297.440;2.446.300;1.851.140;4.297.440;3.891.935;405.505;3.716;4.301.156;128.258;2.506
2008;October;30.652;7.460;38.112;2.886.557;1.385.746;4.272.303;2.465.353;1.806.950;4.272.303;3.918.490;353.813;4.038;4.276.341;135.817;2.796
2008;November;25.161;6.891;32.052;2.109.255;1.162.579;3.271.834;1.742.324;1.529.510;3.271.834;3.183.377;88.457;4.019;3.275.853;133.785;3.125
2008;December;23.728;6.639;30.367;1.973.801;1.194.587;3.168.388;1.590.476;1.577.912;3.168.388;3.079.438;88.950;2.735;3.171.123;108.805;3.835
2008;Total;342.700;85.952;428.652;31.725.823;15.666.116;47.391.939;27.071.867;20.320.072;47.391.939;43.789.656;3.602.283;38.173;47.430.112;1.567.712;34.873
2009;January;23.438;6.425;29.863;1.770.284;1.141.464;2.911.748;1.456.880;1.454.868;2.911.748;2.827.048;84.700;4.022;2.915.770;90.768;2.701
2009;February;21.802;5.774;27.576;1.761.430;959.569;2.720.999;1.458.341;1.262.658;2.720.999;2.622.206;98.793;3.113;2.724.112;94.948;2.357
2009;March;25.141;6.373;31.514;2.085.984;1.113.934;3.199.918;1.739.558;1.460.360;3.199.918;3.079.536;120.382;3.269;3.203.187;105.079;2.641
2009;April;26.883;6.379;33.262;2.463.559;1.209.064;3.672.623;2.056.383;1.616.240;3.672.623;3.492.949;179.674;3.091;3.675.714;97.604;2.505
2009;May;28.724;6.548;35.272;2.705.907;1.186.106;3.892.013;2.350.053;1.541.960;3.892.013;3.473.383;418.630;3.455;3.895.468;100.447;2.432
2009;June;27.875;6.442;34.317;2.639.673;1.211.172;3.850.845;2.173.761;1.677.084;3.850.845;3.470.399;380.446;4.668;3.855.513;100.226;2.386
2009;July;29.543;7.128;36.671;3.109.369;1.423.098;4.532.467;2.698.955;1.833.512;4.532.467;3.871.797;660.670;7.198;4.539.665;108.305;2.254
2009;August;29.202;7.176;36.378;3.037.777;1.446.962;4.484.739;2.641.667;1.843.072;4.484.739;3.827.284;657.455;2.194;4.486.933;108.618;2.163
2009;September;27.760;6.426;34.186;2.752.356;1.262.616;4.014.972;2.277.590;1.737.382;4.014.972;3.588.725;426.247;2.771;4.017.743;109.540;2.441
2009;October;27.593;6.725;34.318;2.677.612;1.306.146;3.983.758;2.307.798;1.675.960;3.983.758;3.631.945;351.813;2.785;3.986.543;122.543;2.564
2009;November;23.523;6.300;29.823;2.049.800;1.108.661;3.158.461;1.805.579;1.352.882;3.158.461;3.071.920;86.541;4.998;3.163.459;129.702;2.738
2009;December;21.899;6.290;28.189;1.936.722;1.163.847;3.100.569;1.702.241;1.398.328;3.100.569;3.026.498;74.071;5.696;3.106.265;118.592;3.564
2009;Total;313.383;77.986;391.369;28.990.473;14.532.639;43.523.112;24.668.806;18.854.306;43.523.112;39.983.690;3.539.422;47.260;43.570.372;1.286.372;30.749
2010;January;22.200;6.273;28.473;1.784.929;1.150.475;2.935.404;1.561.096;1.374.308;2.935.404;2.861.813;73.591;9.827;2.945.231;106.937;2.494
2010;February;21.367;5.737;27.104;1.847.977;1.007.742;2.855.719;1.603.835;1.251.884;2.855.719;2.764.171;91.548;6.188;2.861.907;112.087;1.994
2010;March;24.830;6.547;31.377;2.249.379;1.216.232;3.465.611;1.920.921;1.544.690;3.465.611;3.356.191;109.420;6.589;3.472.200;134.089;2.229
2010;April;20.977;5.725;26.702;1.950.351;1.056.634;3.006.985;1.767.927;1.239.058;3.006.985;2.864.850;142.135;4.102;3.011.087;110.331;1.995
2010;May;27.721;6.908;34.629;2.805.648;1.289.462;4.095.110;2.577.518;1.517.592;4.095.110;3.720.488;374.622;5.216;4.100.326;128.772;2.202
2010;June;27.329;7.027;34.356;2.748.330;1.356.463;4.104.793;2.324.703;1.780.090;4.104.793;3.817.842;286.951;6.187;4.110.980;123.899;1.997
2010;July;29.254;7.785;37.039;3.179.518;1.551.270;4.730.788;2.849.720;1.881.068;4.730.788;4.205.876;524.912;6.850;4.737.638;130.220;1.922
2010;August;28.974;7.757;36.731;3.120.870;1.521.856;4.642.726;2.796.122;1.846.604;4.642.726;4.118.693;524.033;6.047;4.648.773;130.938;1.830
2010;September;27.499;7.089;34.588;2.879.591;1.367.328;4.246.919;2.501.065;1.745.854;4.246.919;3.903.230;343.689;5.118;4.252.037;131.159;2.077
2010;October;28.096;7.360;35.456;2.905.832;1.402.285;4.308.117;2.581.171;1.726.946;4.308.117;3.974.248;333.869;6.371;4.314.488;141.156;2.160
2010;November;24.592;6.833;31.425;2.293.615;1.214.539;3.508.154;2.031.626;1.476.528;3.508.154;3.393.996;114.158;5.723;3.513.877;136.928;2.325
2010;December;21.694;6.814;28.508;2.006.306;1.230.335;3.236.641;1.874.643;1.361.998;3.236.641;3.141.465;95.176;6.564;3.243.205;125.740;2.654
2010;Total;304.533;81.855;386.388;29.772.346;15.364.621;45.136.967;26.390.347;18.746.620;45.136.967;42.122.863;3.014.104;74.782;45.211.749;1.512.256;25.878
2011;January;23.545;6.824;30.369;2.016.202;1.241.073;3.257.275;1.792.243;1.465.032;3.257.275;3.162.953;94.322;6.501;3.263.776;122.254;2.096
2011;February;22.223;5.838;28.061;2.013.665;1.031.966;3.045.631;1.753.769;1.291.862;3.045.631;2.964.733;80.898;4.881;3.050.512;111.405;1.723
2011;March;26.189;6.701;32.890;2.454.087;1.203.605;3.657.692;2.128.114;1.529.578;3.657.692;3.550.440;107.252;4.680;3.662.372;135.646;2.001
2011;April;28.228;7.073;35.301;2.828.147;1.297.600;4.125.747;2.448.847;1.676.900;4.125.747;3.972.135;153.612;6.670;4.132.417;131.324;1.944
2011;May;30.955;7.078;38.033;3.164.177;1.308.330;4.472.507;2.813.289;1.659.218;4.472.507;4.220.069;252.438;8.111;4.480.618;130.586;1.988
2011;June;29.788;7.139;36.927;3.143.255;1.370.200;4.513.455;2.697.471;1.815.984;4.513.455;4.270.736;242.719;6.525;4.519.980;121.858;2.103
2011;July;31.714;7.850;39.564;3.570.199;1.580.697;5.150.896;3.126.120;2.024.776;5.150.896;4.712.891;438.005;6.094;5.156.990;130.592;1.960
2011;August;31.889;7.742;39.631;3.491.964;1.565.851;5.057.815;3.058.861;1.998.954;5.057.815;4.601.915;455.900;6.414;5.064.229;126.824;1.859
2011;September;30.410;7.196;37.606;3.257.385;1.424.357;4.681.742;2.777.308;1.904.434;4.681.742;4.375.151;306.591;5.440;4.687.182;123.284;2.020
2011;October;30.661;7.407;38.068;3.183.023;1.420.659;4.603.682;2.763.666;1.840.016;4.603.682;4.333.161;270.521;5.673;4.609.355;135.804;2.213
2011;November;25.671;6.658;32.329;2.399.397;1.180.784;3.580.181;2.145.845;1.434.336;3.580.181;3.506.500;73.681;6.674;3.586.855;128.913;2.637
2011;December;24.896;6.674;31.570;2.303.809;1.230.193;3.534.002;1.985.782;1.548.220;3.534.002;3.481.663;52.339;6.964;3.540.966;125.315;3.337
2011;Total;336.169;84.180;420.349;33.825.310;15.855.315;49.680.625;29.491.315;20.189.310;49.680.625;47.152.347;2.528.278;74.627;49.755.252;1.523.806;25.880
2012;January;24.719;6.425;31.144;2.195.330;1.227.432;3.422.762;1.911.016;1.511.746;3.422.762;3.360.037;62.725;7.729;3.430.491;108.877;2.233
2012;February;23.838;6.234;30.072;2.177.863;1.117.346;3.295.209;1.876.083;1.419.126;3.295.209;3.228.206;67.003;9.011;3.304.220;118.017;2.032
2012;March;27.096;6.783;33.879;2.589.361;1.278.732;3.868.093;2.187.431;1.680.662;3.868.093;3.786.870;81.223;8.367;3.876.460;131.326;2.255
2012;April;28.497;6.859;35.356;2.875.204;1.314.041;4.189.245;2.500.701;1.688.544;4.189.245;4.053.214;136.031;5.696;4.194.941;123.613;2.055
2012;May;31.102;7.021;38.123;3.199.268;1.345.064;4.544.332;2.856.764;1.687.568;4.544.332;4.261.082;283.250;4.444;4.548.776;124.957;2.179
2012;June;30.391;7.062;37.453;3.193.777;1.419.068;4.612.845;2.725.197;1.887.648;4.612.845;4.301.527;311.318;5.157;4.618.002;122.386;2.230
2012;July;32.231;7.783;40.014;3.616.378;1.605.217;5.221.595;3.194.015;2.027.580;5.221.595;4.729.518;492.077;3.318;5.224.913;126.615;2.206
2012;August;32.143;7.709;39.852;3.513.351;1.624.154;5.137.505;3.157.111;1.980.394;5.137.505;4.643.625;493.880;1.730;5.139.235;121.647;2.129
2012;September;30.429;7.059;37.488;3.301.087;1.459.352;4.760.439;2.802.915;1.957.524;4.760.439;4.406.763;353.676;1.365;4.761.804;125.725;2.204
2012;October;30.631;7.153;37.784;3.210.326;1.433.371;4.643.697;2.799.709;1.843.988;4.643.697;4.373.626;270.071;1.785;4.645.482;126.760;2.525
2012;November;25.555;6.509;32.064;2.475.265;1.217.002;3.692.267;2.118.747;1.573.520;3.692.267;3.593.487;98.780;4.281;3.696.548;127.763;2.884
2012;December;23.566;6.658;30.224;2.300.056;1.287.547;3.587.603;1.970.943;1.616.660;3.587.603;3.502.632;84.971;7.115;3.594.718;125.763;3.443
2012;Total;340.198;83.255;423.453;34.647.266;16.328.326;50.975.592;30.100.632;20.874.960;50.975.592;48.240.587;2.735.005;59.998;51.035.590;1.483.448;28.375
2013;January;23.417;6.538;29.955;2.116.044;1.270.187;3.386.231;1.816.351;1.569.880;3.386.231;3.301.220;85.011;5.695;3.391.926;116.137;2.660
2013;February;22.724;5.987;28.711;2.150.859;1.114.950;3.265.809;1.808.937;1.456.872;3.265.809;3.162.130;103.679;5.213;3.271.022;113.469;2.312
2013;March;26.204;6.790;32.994;2.632.427;1.335.582;3.968.009;2.152.419;1.815.590;3.968.009;3.841.588;126.421;6.434;3.974.443;136.663;2.853
2013;April;29.020;6.970;35.990;2.967.311;1.365.408;4.332.719;2.564.437;1.768.282;4.332.719;4.175.486;157.233;2.058;4.334.777;123.416;2.773
2013;May;31.707;7.295;39.002;3.431.310;1.433.025;4.864.335;2.997.111;1.867.224;4.864.335;4.555.722;308.613;2.179;4.866.514;122.489;2.806
2013;June;30.529;7.287;37.816;3.336.400;1.519.177;4.855.577;2.773.835;2.081.742;4.855.577;4.576.407;279.170;2.012;4.857.589;124.435;2.678
2013;July;32.321;7.804;40.125;3.674.591;1.647.977;5.322.568;3.170.862;2.151.706;5.322.568;4.857.537;465.031;2.903;5.325.471;124.515;2.777
2013;August;32.144;7.863;40.007;3.631.055;1.702.419;5.333.474;3.200.686;2.132.788;5.333.474;4.861.267;472.207;2.378;5.335.852;128.633;2.768
2013;September;31.156;7.119;38.275;3.409.623;1.487.551;4.897.174;2.874.640;2.022.534;4.897.174;4.578.405;318.769;2.018;4.899.192;130.631;2.845
2013;October;31.105;7.202;38.307;3.304.504;1.441.192;4.745.696;2.860.102;1.885.594;4.745.696;4.503.341;242.355;2.683;4.748.379;135.003;3.209
2013;November;26.034;6.588;32.622;2.552.602;1.220.023;3.772.625;2.217.289;1.555.336;3.772.625;3.688.244;84.381;3.376;3.776.001;140.896;3.371
2013;December;25.024;6.756;31.780;2.464.710;1.318.772;3.783.482;2.079.032;1.704.450;3.783.482;3.717.189;66.293;4.552;3.788.034;134.800;3.821
2013;Total;341.385;84.199;425.584;35.671.436;16.856.263;52.527.699;30.515.701;22.011.998;52.527.699;49.818.536;2.709.163;41.501;52.569.200;1.531.089;34.872
2014;January;24.728;6.664;31.392;2.301.528;1.315.024;3.616.552;1.937.916;1.678.636;3.616.552;3.549.588;66.964;3.552;3.620.104;123.060;2.978
2014;February;23.394;6.056;29.450;2.289.187;1.146.405;3.435.592;1.953.014;1.482.578;3.435.592;3.352.757;82.835;3.960;3.439.552;123.387;2.678
2014;March;27.140;6.893;34.033;2.744.289;1.332.183;4.076.472;2.321.066;1.755.406;4.076.472;3.971.962;104.510;3.747;4.080.219;146.545;3.011
2014;April;29.742;6.888;36.630;3.168.885;1.391.757;4.560.642;2.766.900;1.793.742;4.560.642;4.383.959;176.683;1.222;4.561.864;134.625;2.934
2014;May;32.356;7.137;39.493;3.537.385;1.450.566;4.987.951;3.150.621;1.837.330;4.987.951;4.674.392;313.559;1.461;4.989.412;139.734;2.943
2014;June;31.620;7.169;38.789;3.539.691;1.492.946;5.032.637;2.969.681;2.062.956;5.032.637;4.749.878;282.759;1.417;5.034.054;134.350;2.847
2014;July;33.479;7.748;41.227;3.853.130;1.602.544;5.455.674;3.345.784;2.109.890;5.455.674;5.000.402;455.272;1.488;5.457.162;136.650;3.090
2014;August;33.516;7.912;41.428;3.902.345;1.716.091;5.618.436;3.465.412;2.153.024;5.618.436;5.101.207;517.229;1.281;5.619.717;136.638;3.147
2014;September;32.423;7.262;39.685;3.650.216;1.535.289;5.185.505;3.042.523;2.142.982;5.185.505;4.872.406;313.099;3.061;5.188.566;136.093;3.073
2014;October;32.391;7.365;39.756;3.546.449;1.477.119;5.023.568;3.080.558;1.943.010;5.023.568;4.765.875;257.693;4.009;5.027.577;145.348;3.382
2014;November;26.866;6.688;33.554;2.719.549;1.253.294;3.972.843;2.375.745;1.597.098;3.972.843;3.898.185;74.658;5.392;3.978.235;142.879;3.432
2014;December;26.131;6.728;32.859;2.650.810;1.323.852;3.974.662;2.255.916;1.718.746;3.974.662;3.912.541;62.121;6.899;3.981.561;133.886;3.964
2014;Total;353.786;84.510;438.296;37.903.464;17.037.070;54.940.534;32.665.136;22.275.398;54.940.534;52.233.152;2.707.382;37.489;54.978.023;1.633.195;37.481
2015;January;25.330;6.702;32.032;2.407.878;1.311.563;3.719.441;2.074.989;1.644.452;3.719.441;3.655.128;64.313;6.471;3.725.912;120.267;3.428
2015;February;24.550;6.057;30.607;2.458.211;1.144.433;3.602.644;2.105.592;1.497.052;3.602.644;3.525.954;76.690;4.264;3.606.908;125.979;2.857
2015;March;27.773;6.826;34.599;2.870.299;1.323.760;4.194.059;2.438.953;1.755.106;4.194.059;4.119.365;74.694;4.071;4.198.130;139.596;2.899
2015;April;30.611;6.991;37.602;3.365.931;1.404.063;4.769.994;2.943.676;1.826.318;4.769.994;4.642.329;127.665;2.448;4.772.442;128.842;2.801
2015;May;33.685;7.387;41.072;3.880.734;1.499.854;5.380.588;3.452.158;1.928.430;5.380.588;5.084.816;295.772;2.003;5.382.591;137.665;2.667
2015;June;32.731;7.339;40.070;3.782.136;1.539.418;5.321.554;3.174.488;2.147.066;5.321.554;5.082.163;239.391;2.393;5.323.947;132.218;2.655
2015;July;34.463;8.031;42.494;4.197.398;1.717.030;5.914.428;3.690.470;2.223.958;5.914.428;5.486.736;427.692;3.246;5.917.674;133.764;2.545
2015;August;34.239;8.102;42.341;4.150.650;1.786.588;5.937.238;3.649.834;2.287.404;5.937.238;5.498.065;439.173;3.362;5.940.600;137.638;2.456
2015;September;33.056;7.502;40.558;3.868.276;1.597.963;5.466.239;3.250.307;2.215.932;5.466.239;5.217.868;248.371;2.798;5.469.037;137.636;2.627
2015;October;32.724;7.517;40.241;3.768.179;1.558.193;5.326.372;3.277.794;2.048.578;5.326.372;5.121.975;204.397;2.569;5.328.941;147.246;2.857
2015;November;27.697;6.757;34.454;3.016.712;1.308.683;4.325.395;2.656.253;1.669.142;4.325.395;4.286.250;39.145;2.575;4.327.970;144.790;2.847
2015;December;27.743;6.866;34.609;2.916.811;1.370.782;4.287.593;2.498.439;1.789.154;4.287.593;4.256.633;30.960;3.119;4.290.712;135.328;3.746
2015;Total;364.602;86.077;450.679;40.683.215;17.562.330;58.245.545;35.212.953;23.032.592;58.245.545;55.977.282;2.268.263;39.319;58.284.864;1.620.970;34.385
2016;January;26.437;6.714;33.151;2.745.595;1.363.225;4.108.820;2.374.512;1.734.308;4.108.820;4.079.418;29.402;3.134;4.111.954;126.295;3.145
2016;February;26.652;6.307;32.959;2.880.353;1.215.052;4.095.405;2.471.215;1.624.190;4.095.405;4.066.114;29.291;2.382;4.097.787;123.148;2.558
2016;March;29.846;7.057;36.903;3.326.928;1.418.941;4.745.869;2.851.171;1.894.698;4.745.869;4.713.892;31.977;3.589;4.749.458;140.601;3.039
2016;April;32.408;7.372;39.780;3.736.412;1.507.061;5.243.473;3.355.067;1.888.406;5.243.473;5.171.565;71.908;8.698;5.252.171;137.991;2.924
2016;May;35.785;7.634;43.419;4.196.258;1.542.546;5.738.804;3.771.678;1.967.126;5.738.804;5.568.234;170.570;8.879;5.747.683;135.162;2.728
2016;June;35.002;7.416;42.418;4.189.124;1.547.715;5.736.839;3.538.363;2.198.476;5.736.839;5.567.227;169.612;7.728;5.744.567;135.846;2.509
2016;July;37.023;8.235;45.258;4.578.516;1.792.292;6.370.808;4.023.748;2.347.060;6.370.808;6.098.359;272.449;8.790;6.379.598;139.990;2.434
2016;August;37.479;8.223;45.702;4.572.032;1.830.094;6.402.126;4.112.000;2.290.126;6.402.126;6.094.885;307.241;9.355;6.411.481;136.638;2.499
2016;September;35.558;7.628;43.186;4.217.956;1.648.531;5.866.487;3.660.111;2.206.376;5.866.487;5.675.541;190.946;9.289;5.875.776;140.551;2.404
2016;October;35.653;7.743;43.396;4.148.903;1.634.595;5.783.498;3.676.510;2.106.988;5.783.498;5.652.092;131.406;10.028;5.793.526;153.551;2.592
2016;November;29.320;7.004;36.324;3.286.965;1.407.147;4.694.112;2.874.064;1.820.048;4.694.112;4.647.285;46.827;9.369;4.703.481;146.842;2.619
2016;December;29.065;7.302;36.367;3.242.478;1.504.991;4.747.469;2.788.938;1.958.531;4.747.469;4.697.577;49.892;10.583;4.758.052;149.744;2.996
2016;Total;390.228;88.635;478.863;45.121.520;18.412.190;63.533.710;39.497.377;24.036.333;63.533.710;62.032.189;1.501.521;91.824;63.625.534;1.666.360;32.447
2017;January;28.471;7.192;35.663;3.060.824;1.498.703;4.559.527;2.683.769;1.875.758;4.559.527;4.503.468;56.059;12.319;4.571.846;135.728;2.450
2017;February;26.928;6.471;33.399;3.013.325;1.310.947;4.324.272;2.640.550;1.683.722;4.324.272;4.269.672;54.600;10.620;4.334.892;131.768;2.016
2017;March;31.961;7.474;39.435;3.625.271;1.535.953;5.161.224;3.151.822;2.009.402;5.161.224;5.102.507;58.717;9.162;5.170.386;153.912;2.394
2017;April;34.145;7.728;41.873;4.146.176;1.691.049;5.837.225;3.743.935;2.093.290;5.837.225;5.707.941;129.284;8.627;5.845.852;146.652;2.161
2017;May;37.506;7.912;45.418;4.502.206;1.705.745;6.207.951;4.034.521;2.173.430;6.207.951;5.965.805;242.146;8.009;6.215.960;151.841;2.185
2017;June;36.223;7.788;44.011;4.462.101;1.682.674;6.144.775;3.808.047;2.336.728;6.144.775;5.914.631;230.144;8.899;6.153.674;149.121;2.185
2017;July;38.141;8.355;46.496;4.863.967;1.865.307;6.729.274;4.339.936;2.389.338;6.729.274;6.344.071;385.203;9.836;6.739.110;149.142;2.196
2017;August;38.511;8.351;46.862;4.904.314;1.884.290;6.788.604;4.460.896;2.327.708;6.788.604;6.351.577;437.027;8.737;6.797.341;146.932;1.837
2017;September;36.334;7.939;44.273;4.528.499;1.730.605;6.259.104;3.996.824;2.262.280;6.259.104;5.974.787;284.317;9.012;6.268.116;150.521;1.733
2017;October;36.771;8.078;44.849;4.512.232;1.730.676;6.242.908;4.020.966;2.221.942;6.242.908;6.042.861;200.047;8.296;6.251.204;155.575;2.022
2017;November;30.706;7.257;37.963;3.643.001;1.527.756;5.170.757;3.210.777;1.959.980;5.170.757;5.123.210;47.547;9.995;5.180.752;147.346;2.168
2017;December;29.071;7.427;36.498;3.387.426;1.588.099;4.975.525;2.994.301;1.981.224;4.975.525;4.925.010;50.515;10.767;4.986.292;142.523;2.464
2017;Total;404.768;91.972;496.740;48.649.342;19.751.804;68.401.146;43.086.344;25.314.802;68.401.146;66.225.540;2.175.606;114.279;68.515.425;1.761.060;25.811
2018;January;29.744;7.369;37.113;3.322.876;1.586.113;4.908.989;2.897.577;2.011.412;4.908.989;4.857.016;51.973;10.108;4.919.097;134.973;2.031
2018;February;28.365;6.704;35.069;3.316.805;1.425.001;4.741.806;2.865.512;1.876.294;4.741.806;4.688.470;53.336;8.552;4.750.358;133.842;1.586
2018;March;32.469;7.590;40.059;3.886.460;1.672.996;5.559.456;3.400.686;2.158.770;5.559.456;5.503.633;55.823;8.514;5.567.970;148.542;1.962
2018;April;34.088;7.773;41.861;4.247.799;1.769.116;6.016.915;3.918.581;2.098.484;6.016.915;5.910.922;105.993;7.020;6.023.935;139.697;1.804
2018;May;36.719;8.023;44.742;4.617.220;1.776.716;6.393.936;4.260.452;2.133.484;6.393.936;6.183.401;210.535;6.330;6.400.266;144.688;1.643
2018;June;35.596;7.903;43.499;4.552.594;1.824.799;6.377.393;4.081.211;2.296.182;6.377.393;6.183.344;194.049;8.344;6.385.737;143.589;1.658
2018;July;37.167;8.382;45.549;4.797.829;1.967.175;6.765.004;4.386.076;2.378.928;6.765.004;6.546.802;218.202;7.943;6.772.947;144.359;1.642
2018;August;37.261;8.452;45.713;4.820.950;2.015.718;6.836.668;4.497.488;2.339.180;6.836.668;6.585.890;250.778;7.583;6.844.251;146.537;1.674
2018;September;36.278;7.920;44.198;4.563.606;1.833.334;6.396.940;4.073.062;2.323.878;6.396.940;6.191.346;205.594;7.008;6.403.948;145.595;1.658
2018;October;37.010;8.090;45.100;4.562.671;1.839.619;6.402.290;4.132.718;2.269.572;6.402.290;6.260.197;142.093;7.633;6.409.923;153.064;1.831
2018;November;31.017;7.367;38.384;3.700.208;1.596.735;5.296.943;3.316.203;1.980.740;5.296.943;5.263.638;33.305;8.863;5.305.806;143.974;1.924
2018;December;30.535;7.622;38.157;3.590.638;1.669.616;5.260.254;3.163.052;2.097.202;5.260.254;5.228.989;31.265;8.655;5.268.909;137.636;2.073
2018;Total;406.249;93.195;499.444;49.979.656;20.976.938;70.956.594;44.992.618;25.964.126;70.956.594;69.403.648;1.552.946;96.553;71.053.147;1.716.497;21.486
2019;January;29.779;7.406;37.185;3.373.101;1.623.030;4.996.131;2.981.899;2.014.232;4.996.131;4.968.427;27.704;8.974;5.005.105;122.643;1.615
2019;February;28.522;6.673;35.195;3.383.286;1.453.046;4.836.332;2.981.844;1.854.488;4.836.332;4.809.123;27.209;7.567;4.843.899;115.797;1.398
2019;March;32.070;7.715;39.785;3.947.789;1.682.525;5.630.314;3.571.422;2.058.892;5.630.314;5.611.942;18.372;7.453;5.637.767;144.773;1.761
2019;April;34.186;7.706;41.892;4.314.805;1.789.205;6.104.010;4.025.536;2.078.474;6.104.010;6.072.405;31.605;2.486;6.106.496;126.743;1.747
2019;May;36.811;7.896;44.707;4.651.471;1.790.002;6.441.473;4.237.293;2.204.180;6.441.473;6.367.146;74.327;0;6.441.473;133.648;1.860
2019;June;35.564;7.779;43.343;4.652.003;1.850.585;6.502.588;4.159.562;2.343.026;6.502.588;6.428.527;74.061;0;6.502.588;123.888;1.736
2019;July;36.530;8.206;44.736;4.758.165;1.965.858;6.724.023;4.427.091;2.296.932;6.724.023;6.632.971;91.052;0;6.724.023;129.143;1.876
2019;August;36.867;8.255;45.122;4.804.762;2.005.997;6.810.759;4.495.169;2.315.590;6.810.759;6.704.454;106.305;0;6.810.759;130.581;1.774
2019;September;36.193;7.938;44.131;4.649.227;1.844.241;6.493.468;4.153.928;2.339.540;6.493.468;6.418.556;74.912;13;6.493.481;136.819;1.747
2019;October;36.508;7.995;44.503;4.600.170;1.831.273;6.431.443;4.161.063;2.270.380;6.431.443;6.388.599;42.844;0;6.431.443;143.594;1.974
2019;November;30.599;7.203;37.802;3.713.816;1.609.774;5.323.590;3.353.744;1.969.846;5.323.590;5.314.376;9.214;0;5.323.590;136.256;2.133
2019;December;30.995;7.430;38.425;3.694.378;1.691.825;5.386.203;3.259.261;2.126.942;5.386.203;5.375.663;10.540;172;5.386.375;126.376;2.338
2019;Total;404.624;92.202;496.826;50.542.973;21.137.361;71.680.334;45.807.812;25.872.522;71.680.334;71.092.189;588.145;26.665;71.706.999;1.443.885;19.622
2020;January;30.336;7.231;37.567;3.448.900;1.625.873;5.074.773;3.011.207;2.063.566;5.074.773;5.061.346;13.427;0;5.074.773;113.080;1.908
2020;February;28.414;6.565;34.979;3.329.009;1.387.630;4.716.639;3.008.589;1.708.050;4.716.639;4.697.932;18.707;187;4.716.826;116.217;1.491
2020;March;19.850;5.305;25.155;1.641.935;834.437;2.476.372;1.498.230;978.142;2.476.372;2.463.712;12.660;140;2.476.512;120.481;1.167
2020;April;2.046;2.196;4.242;67.684;58.331;126.015;64.573;61.442;126.015;123.257;2.758;862;126.877;93.255;382
2020;May;2.805;3.073;5.878;131.546;76.281;207.827;103.491;104.336;207.827;203.362;4.465;459;208.286;104.745;542
2020;June;4.659;3.459;8.118;338.245;133.165;471.410;250.652;220.758;471.410;464.080;7.330;442;471.852;108.164;855
2020;July;11.632;4.072;15.704;1.114.398;224.459;1.338.857;922.219;416.638;1.338.857;1.321.086;17.771;265;1.339.122;119.634;1.083
2020;August;18.864;4.261;23.125;1.608.511;246.275;1.854.786;1.192.978;661.808;1.854.786;1.836.617;18.169;0;1.854.786;119.975;1.283
2020;September;17.854;4.308;22.162;1.102.721;235.020;1.337.741;716.593;621.148;1.337.741;1.325.406;12.335;0;1.337.741;124.491;1.251
2020;October;14.877;4.737;19.614;874.489;268.994;1.143.483;534.283;609.200;1.143.483;1.136.534;6.949;92;1.143.575;140.140;1.521
2020;November;10.066;4.792;14.858;629.150;271.284;900.434;339.034;561.400;900.434;897.247;3.187;19;900.453;145.474;1.511
2020;December;10.953;4.949;15.902;836.153;396.974;1.233.127;455.101;778.026;1.233.127;1.228.988;4.139;114;1.233.241;135.866;1.837
2020;Total;172.356;54.948;227.304;15.122.741;5.758.723;20.881.464;12.096.950;8.784.514;20.881.464;20.759.567;121.897;2.580;20.884.044;1.441.521;14.831
2021;January;9.809;4.857;14.666;553.464;315.665;869.129;316.521;552.608;869.129;866.424;2.705;181;869.310;133.222;1.403
2021;February;6.500;4.155;10.655;327.645;177.563;505.208;213.404;291.804;505.208;503.378;1.830;0;505.208;125.137;1.109
2021;March;7.582;4.638;12.220;430.955;229.221;660.176;264.056;396.120;660.176;658.056;2.120;196;660.372;153.206;1.379
2021;April;9.191;4.531;13.722;536.128;250.524;786.652;327.124;459.528;786.652;785.753;899;4;786.656;141.132;1.258
2021;May;10.870;4.709;15.579;804.575;302.165;1.106.740;485.634;621.106;1.106.740;1.104.764;1.976;0;1.106.740;147.017;1.223
2021;June;14.381;4.814;19.195;1.231.479;446.786;1.678.265;822.699;855.566;1.678.265;1.666.353;11.912;145;1.678.410;137.956;1.128
2021;July;23.400;5.741;29.141;2.303.289;726.662;3.029.951;1.776.151;1.253.800;3.029.951;3.000.911;29.040;121;3.030.072;130.664;978
2021;August;26.079;5.768;31.847;2.939.403;847.570;3.786.973;2.375.827;1.411.146;3.786.973;3.740.772;46.201;242;3.787.215;130.844;1.049
2021;September;24.485;5.534;30.019;2.677.291;692.914;3.370.205;2.043.483;1.326.722;3.370.205;3.331.417;38.788;231;3.370.436;133.245;1.002
2021;October;25.571;5.755;31.326;2.978.808;767.183;3.745.991;2.389.357;1.356.634;3.745.991;3.726.306;19.685;161;3.746.152;149.383;1.040
2021;November;22.909;5.463;28.372;2.273.366;822.457;3.095.823;1.822.765;1.273.058;3.095.823;3.090.229;5.594;403;3.096.226;143.831;943
2021;December;24.523;5.702;30.225;1.924.693;931.018;2.855.711;1.525.203;1.330.508;2.855.711;2.844.850;10.861;125;2.855.836;141.667;1.038
2021;Total;205.300;61.667;266.967;18.981.096;6.509.728;25.490.824;14.362.224;11.128.600;25.490.824;25.319.213;171.611;1.809;25.492.633;1.667.304;13.550
2022;January;20.787;5.446;26.233;1.664.713;823.370;2.488.083;1.312.239;1.175.844;2.488.083;2.473.167;14.916;127;2.488.210;122.553;827
2022;February;19.151;4.978;24.129;1.905.321;755.355;2.660.676;1.514.604;1.146.072;2.660.676;2.643.936;16.740;241;2.660.917;118.274;824
2022;March;24.612;5.770;30.382;2.706.725;1.025.323;3.732.048;2.230.310;1.501.738;3.732.048;3.715.449;16.599;0;3.732.048;128.198;819
2022;April;27.473;5.948;33.421;3.252.399;1.182.188;4.434.587;2.928.701;1.505.886;4.434.587;4.384.090;50.497;0;4.434.587;116.895;688
2022;May;31.902;6.518;38.420;3.891.004;1.326.031;5.217.035;3.515.613;1.701.422;5.217.035;5.095.936;121.099;614;5.217.649;119.551;685
2022;June;30.316;6.605;36.921;3.807.896;1.424.734;5.232.630;3.345.574;1.887.056;5.232.630;5.109.036;123.594;326;5.232.956;116.274;667
2022;July;28.995;7.005;36.000;3.615.230;1.564.495;5.179.725;3.293.505;1.886.220;5.179.725;5.068.651;111.074;0;5.179.725;120.131;584
2022;August;30.631;7.099;37.730;3.743.746;1.583.615;5.327.361;3.462.999;1.864.362;5.327.361;5.207.234;120.127;0;5.327.361;116.876;549
2022;September;30.244;6.783;37.027;3.705.504;1.491.427;5.196.931;3.312.769;1.884.162;5.196.931;5.103.260;93.671;0;5.196.931;121.508;538
2022;October;29.455;6.910;36.365;3.443.474;1.468.947;4.912.421;3.170.202;1.742.219;4.912.421;4.833.662;78.759;0;4.912.421;125.358;465
2022;November;23.943;6.406;30.349;2.693.189;1.294.216;3.987.405;2.568.293;1.419.112;3.987.405;3.964.995;22.410;0;3.987.405;119.074;461
2022;December;24.170;6.499;30.669;2.709.722;1.392.256;4.101.978;2.562.744;1.539.234;4.101.978;4.084.140;17.838;0;4.101.978;113.118;608
2022;Total;321.679;75.967;397.646;37.138.923;15.331.957;52.470.880;33.217.553;19.253.327;52.470.880;51.683.556;787.324;1.308;52.472.188;1.437.812;7.715
